% correct Sentences,% of Tags Correct,F1 score,Accuracy
0.0769230769230769,0.2647058823529412,0.7912260204222916,0.8287671232876712
