% of correct sentences,% of tags correct,F1 Score,Accuracy
0.2327521046732869,0.3454588893818902,0.8893695171742818,0.8854860456756463
