% correct Sentences,% of Tags Correct,F1 score,Accuracy
0.3846153846153846,0.6470588235294118,0.9086645632266446,0.9178082191780822
