% of correct sentences,% of tags correct,F1 Score,Accuracy
0.5043267476411406,0.7399014103792961,0.95712165685627,0.9547279446200854
