% of correct sentences,% of tags correct,F1 Score,Accuracy
0.0769230769230769,0.2647058823529412,0.7912260204222916,0.8287671232876712
