% correct Sentences,% of Tags Correct,F1 score,Accuracy
0.2327521046732869,0.3454588893818902,0.8893695171742818,0.8854860456756463
