% of correct sentences,% of tags correct,F1 Score,Accuracy
0.3846153846153846,0.6470588235294118,0.9086645632266446,0.9178082191780822
