% of correct sentences,% of tags correct,F1 Score,Accuracy
0.40926862326017827,0.5599416108004572,0.9230892272666091,0.9321014503979627
