% of correct sentences,% of tags correct,F1 Score,Accuracy
0.2110668021998071,0.1382590920043215,0.8231954867583049,0.8675936508391464
